S,E,I,UR,DHR,DQR,UD,DHD,DQD,R,D,TH,DVR,DVD,DD,DT,continent,country,province
34537250.32107823,574.6448288753118,236.49117045747195,1643.5879693301772,23.781428462766048,398.5700825625681,26.13816739433917,0.19603625545754386,6.33850559312725,103634.4303668491,12237.500365983766,162.72325753458767,3.081727442494083,0.049009063864385964,2447.5000731967525,55737.38651711076,Asia,Afghanistan,None
2367237.702852982,29582.214927728794,12612.873537046564,53816.374239547455,564.830149301662,13050.470753090258,647.9023508032147,4.859267631024109,157.1163200697796,389279.5431538352,9147.112447963797,1516.3392520934542,100.90570169915146,1.2148169077560274,1829.4224895927587,107736.34001942736,Europe,Albania,None
40246408.57209773,5536.979218017638,2334.086891679262,11704.573103552457,142.5835049774184,2838.3589776114704,824.204685230462,6.1815351392284645,199.86963616838705,321104.9460483383,14951.644301556029,698.5941707554426,21.946074569160853,1.5453837848071161,2990.3288603112073,113341.17152513216,Africa,Algeria,None
24524.42971327632,884.0874586527168,351.52362433364374,1882.2426887048177,22.897669743547624,456.4438520109183,5.90685226663337,0.04430139199975027,1.432411674658592,48602.10667932048,549.8847486242784,95.31575522242397,3.5292050413215326,0.011075347999937568,109.97694972485564,10897.458258930968,Europe,Andorra,None
28712367.486651395,1294.961186587567,503.2373490610851,2171.559108963868,26.01621987914741,526.6030839237379,51.57773790323464,0.38683303427425986,12.5076014415344,93972.19706866349,2536.4671591407628,114.55388887770019,4.071673329307252,0.09670825856856496,507.2934318281527,20836.435510913987,Africa,Angola,None
96595.79656590264,692.0279454069115,288.80199889854595,958.2652518552746,9.156735779494998,232.37932357490413,5.168915713704377,0.03876686785278282,1.2534620605733113,2092.230517179153,87.88051676097545,17.498240938751593,1.79674734722864,0.009691716963195705,17.57610335219509,742.1790188715083,North America,Antigua and Barbuda,None
34586194.386159174,196139.53425714534,78362.82016058394,367244.0406706142,4369.662450164479,89056.67986262395,8184.508136534351,61.383811024007635,1984.7432231095804,8254728.011318693,261104.22995033013,18907.339556538554,688.5825762574016,15.345952756001909,52220.84599006603,2115400.708492169,South America,Argentina,None
2217805.710556142,12925.208377449446,4473.729731781577,12366.31029005611,140.30606824238146,2998.8302453386063,209.87680339675356,1.5740760254756514,50.895124823712734,657887.8749918987,15955.68373484621,653.6781080077673,23.186831793855205,0.39351900636891285,3191.1367469692427,172400.30383582393,Asia,Armenia,None
426129.0,0.0,0.0,0.0,0.0,0.0,0.0,0.0,0.0,565.0,15.0,0.0,0.0,0.0,3.0,118.0,Oceania,Australia,Australian Capital Territory
8064424.573908556,108.31974150444024,43.212551760556,181.93430118524915,2.0582421604396113,44.11906803742292,0.524885676833163,0.003936642576248721,0.12728477663204202,24450.52729299743,270.59878670213726,7.529362789072322,0.34112681472234213,0.0009841606440621803,54.11975734042745,5192.101975967335,Oceania,Australia,New South Wales
5088429.915219208,93.92298298307807,31.40414589447285,72.3125578558266,0.749068187205896,17.53579528003795,0.8081032278244541,0.006060774208683407,0.19596503274743016,6422.332678750107,30.817422808364764,2.48854591149794,0.13558604597967486,0.0015151935521708518,6.163484561672952,1336.6294054665598,Oceania,Australia,Queensland
1748882.5258062286,31.812154880555738,12.170119660939664,40.730892767626095,0.4229754817328748,9.877241496149328,0.09363682149654699,0.0007022761612241023,0.022706929212912636,2695.2643175648905,20.07944589235894,1.178951515377775,0.07637042393929894,0.00017556904030602557,4.015889178471789,618.4776725981876,Oceania,Australia,South Australia
533116.0,0.0,0.0,0.0,0.0,0.0,0.0,0.0,0.0,1100.0,65.0,0.0,0.0,0.0,13.0,234.0,Oceania,Australia,Tasmania
6545448.873558562,9.377851122742003,4.408011345949581,47.475010875972266,0.629616392703686,11.512690137423274,0.1856637595433045,0.0013924781965747833,0.04502346168925134,45181.251920984825,4100.239260879541,2.8280434738194202,0.08901564539244801,0.0003481195491436958,820.0478521759084,20478.410328501388,Oceania,Australia,Victoria
2617274.267188876,17.82450518912539,6.824687048254216,32.021289666083156,0.39072210453366946,7.765162744025165,0.1093609854192447,0.0008202073906443353,0.02652003896416684,4295.630360753189,45.139382387112654,1.6565017133203084,0.06003991812390592,0.00020505184766108383,9.027876477422534,916.5428091651135,Oceania,Australia,Western Australia
6657666.479006627,82110.05051882323,30724.706772487574,96907.88484728041,1020.4045782372916,23500.162075465494,1090.02501429277,8.175187607195776,264.33106596599674,1811278.837259712,42786.94367349986,3217.3305822123652,181.7022840886507,2.043796901798944,8557.388734699973,461010.48056780495,Europe,Austria,None
8882992.644838575,10206.392188227248,3428.815961394366,10210.257458287058,121.67348301065863,2475.987433634611,101.52748059321576,0.761456104449118,24.620414043854822,836617.8326232937,16093.486662833586,595.5068820708068,19.14423273428823,0.1903640261122795,3218.6973325667177,234842.5982073761,Asia,Azerbaijan,None
1085360.7511090795,23083.407245640654,9395.372749486216,36847.98933123855,377.7926586760824,8935.637412825348,96.66996743330262,0.7250247557497697,23.442467102575886,258816.79328561877,2232.4187481436043,918.3688133747637,69.08997999607227,0.18125618893744241,446.48374962872094,122991.37755790455,Asia,Bahrain,None
161950844.02936137,19145.81209953681,6746.698765603927,24231.949749513857,278.56822426324044,5876.247814257111,777.4808176928904,5.831106132696678,188.5390982905259,901423.1913413727,42041.65162198915,1117.7007586410734,45.43490578033848,1.4577765331741694,8408.33032439783,547395.3893943592,Asia,Bangladesh,None
268392.57046017225,1234.371356968829,546.9688478275536,2690.21161270853,28.83080588072381,652.3763160818185,8.836357748962929,0.06627268311722195,2.14281675412351,11275.639451178056,163.9857019960186,79.72253601018811,5.044146773828494,0.01656817077930549,32.79714039920373,3027.6474266189257,North America,Barbados,None
8277879.197343505,41868.07692717316,17164.536057808706,77540.70795157993,880.2619655877828,18803.621678258132,506.1190534140143,3.795892900605107,122.73387045289846,1062407.2843839955,9943.664875323755,3244.4291380290747,145.38882740921235,0.9489732251512768,1988.7329750647511,287715.42205260345,Europe,Belarus,None
7896188.565715966,81889.08558127585,32931.29972508921,124919.63558208996,1324.5214873819557,30293.011628656815,823.8988868321982,6.179241651241486,199.79548005680803,3069017.6724463156,110565.3342246812,3901.530293865991,234.22431671641868,1.5448104128103715,22113.06684493624,773295.4189066924,Europe,Belgium,None
318804.43104801804,314.4166543295463,135.97740155056343,798.6190974703751,9.965567045786326,193.66513113656595,6.111359085262235,0.04583519313946676,1.482004578176092,45115.4912710108,1573.794630581715,47.78504937661089,1.4974108077569535,0.01145879828486669,314.758926116343,12294.23367771489,North America,Belize,None
10840779.800261829,2305.177879594172,947.213009962466,3398.355318039764,33.90399351084673,824.1011646246427,4.335060262745623,0.03251295197059216,1.0512521137158142,23641.79822076975,362.2313263417775,77.46485309169125,6.3719162213245575,0.00812823799264804,72.4462652683555,5728.292656609909,Africa,Benin,None
793847.4767670931,4.917824477458302,1.897903103879581,42.09144989790077,0.9131321552510081,10.207176600240935,0.0036705038112801827,2.7528778584601367e-05,0.0008900971742354442,3852.6540584931645,4.8371000492549205,10.174245031953458,0.07892146855856398,6.882194646150342e-06,0.9674200098509839,866.5053317034352,Asia,Bhutan,None
10246014.526064603,25760.743325013616,10853.734075972377,62046.246733342115,735.4868073809333,15046.214832835463,848.4411089835831,6.363308317376873,205.74696892851892,468080.74994508846,58283.74682953205,2735.7179792064503,116.33671262501647,1.5908270793442183,11656.749365906411,250234.05772815546,South America,Bolivia,None
2929868.779178206,25451.659863225046,8910.178107190364,22929.71569495342,238.40157311336807,5560.456056026203,860.4703732347303,6.453527799260478,208.66406550942207,497104.7741030552,25676.44745768774,800.5822971082764,42.993216928037654,1.6133819498151194,5135.289491537546,132603.28222916086,Europe,Bosnia and Herzegovina,None
2091232.514228145,11121.805986051275,4308.544504832001,15668.715893243902,166.64880419743406,3799.663604111646,845.6631198406504,6.342473398804877,205.0733065613577,121211.82659484028,1693.2014847767807,498.8528116858249,29.37884229983231,1.5856183497012193,338.64029695535606,29913.04324679684,Africa,Botswana,None
174321237.5642114,2205695.318663039,847176.3767576016,2834721.987589021,30417.89774983565,687420.0819903376,293060.7002689526,2197.9552520171446,71067.219815221,25066983.014770716,1292886.882931843,102255.7844422077,5315.103726729415,549.4888130042862,258577.37658636866,10628615.036833333,South America,Brazil,None
5951500.864672401,76617.02282153381,26435.02757838068,58441.5888791312,567.1872786342587,14172.085303189318,4907.718453258058,36.807888399435434,1190.121724915079,942134.3196200808,51819.255780077714,1499.574509566115,109.57797914837101,9.201972099858859,10363.851156015542,248594.51328141897,Europe,Bulgaria,None
18591020.154816624,1029.6704546517117,440.12418805830964,2817.451595649552,36.966868799259785,683.2320119450162,36.00125066826162,0.2700093800119623,8.730303287053445,49648.809736602416,711.5887643390013,190.18830324402336,5.282721741842909,0.06750234500299057,142.3177528678002,12031.170924625263,Africa,Burkina Faso,None
10512452.902694795,755.3411717540084,304.9051494923205,1242.0967627844334,13.500817387458303,301.20846497522507,8.363621148101103,0.06272715861075827,2.028178128414518,9018.208056202553,18.38235617899151,42.263105903782716,2.3289314302208126,0.015681789652689567,3.6764712357983034,2189.85272531409,Africa,Burundi,None
467308.4948850377,1627.1558373424102,637.0868465255792,2788.042673118626,31.61895888620176,676.1003482312668,25.668496973598824,0.19251372730199118,6.224610516097714,65712.33022412458,747.0846055166,108.31357458656566,5.227580012097425,0.048128431825497794,149.41692110331996,15424.577616386421,Africa,Cabo Verde,None
15757286.280825216,1146.562432190742,393.32988066004646,764.0594349931841,6.764794748865666,185.28441298584715,30.80594030130375,0.2310445522597781,7.470440523066158,2541.00327117879,8.20752265300483,10.582961171617926,1.4326114406122203,0.057761138064944526,1.6415045306009661,731.705225066695,Asia,Cambodia,None
23323335.67881773,5768.486557300032,2369.1888379210613,9618.666392014633,100.58178828625783,2332.526600063549,8.78345077306911,0.0658758807980206,2.12998681246896,92895.59574565382,2757.2959475676607,267.0638747223137,18.034999485027438,0.01646897019950515,551.4591895135326,35613.11566145299,Africa,Cameroon,None
3721613.2584949452,11483.977610442013,4497.8278070163215,21077.41792217979,262.6359593205902,5111.273846128599,455.3954444556977,3.415465833417732,110.4333952805067,571699.0843731897,9422.279681208907,1352.2316165255836,39.5201586040871,0.853866458354433,1884.4559362417817,133718.77864252086,North America,Canada,Alberta
4622082.548554606,18503.890834953792,7360.823201203747,28229.67054079558,306.197193121094,6845.695106142929,428.7617098978953,3.2157128242342146,103.97471465023958,329587.79869764927,6849.423734155583,1033.1684244554208,52.93063226399171,0.8039282060585536,1369.8847468311164,81518.73807166195,North America,Canada,British Columbia
1217721.9173359433,2396.7653389545385,989.7760716627431,4950.501131768627,58.44502106715279,1200.496524453892,35.26901719489971,0.26451762896174785,8.552736669763181,128540.38505956203,4493.627245094067,237.2252475206363,9.282189622066175,0.06612940724043696,898.7254490188137,31961.968245369204,North America,Canada,Manitoba
764896.7731970618,102.5849572622669,42.315894851531205,378.28071907459395,5.192855299570301,91.73307437558903,13.906310795383522,0.10429733096537641,3.372280367880504,6426.108303240272,133.62811034007527,25.453955704945972,0.7092763482648636,0.026074332741344103,26.725622068015053,1441.3135268889837,North America,Canada,New Brunswick
517697.2014218342,199.88767032302246,112.32226977485007,900.5040742246008,9.38525605374534,218.37223799946574,8.477344433440878,0.06358008325080658,2.055756025109413,4615.136972545348,26.593416703062136,25.083531828408137,1.6884451391711266,0.015895020812701645,5.318683340612427,971.5088998362072,North America,Canada,Newfoundland and Labrador
957949.1661033314,105.60792163751874,41.41175145508299,147.96576211507696,1.5537623016275182,35.881697312906155,2.7520618718084333,0.020640464038563247,0.6673750039135451,6769.7255175470855,327.247406959703,4.474885341456959,0.2774358039657693,0.005160116009640812,65.44948139194061,1632.971045295146,North America,Canada,Nova Scotia
13155022.275226107,37629.47775363806,14745.767358531974,71779.04967703918,878.246177092692,17406.419546682002,744.3471114268123,5.582603335701091,180.50417452100194,1113261.3033568591,34862.02701476825,3914.174877970348,134.58571814444846,1.3956508339252727,6972.405402953651,307260.6330117387,North America,Canada,Ontario
7347273.810098383,23016.023313281923,9405.611151221223,50849.758471350135,619.8710584358344,12331.066429302406,564.476029474204,4.233570221056528,136.88543714749443,937016.3012740044,52082.9631671793,2717.2833326226887,95.34329713378152,1.058392555264132,10416.592633435861,288232.5233466375,North America,Canada,Quebec
1032618.7377866893,4815.182930693299,1942.1989489596542,9496.910016090966,110.88568045203058,2303.0006789020595,57.55678135800191,0.4316758601850143,13.957519479315462,115127.3970224561,1936.7409590592265,416.89128200194733,17.80670628017056,0.10791896504625358,387.34819181184537,28774.650085909117,North America,Canada,Saskatchewan
4569829.034983182,94.5669359168744,33.01019639988601,69.64328858333648,0.625650721234016,16.888497481459098,0.1436626230711642,0.0010774696730337335,0.034838186094757334,24259.538585998598,317.5122834365132,1.016327306999858,0.13058116609375592,0.0002693674182584334,63.50245668730265,4996.874102839693,Africa,Central African Republic,None
14430532.623778686,879.8057724469027,359.1519022294853,1411.0400715571773,16.404535569249603,342.1772173526155,66.64736343392934,0.49985522575447006,16.161985632727866,18210.004868246648,708.4826496215941,69.45851127983818,2.6457001341697075,0.12496380643861751,141.69652992431884,4014.03425553476,Africa,Chad,None
15733976.449674847,158677.33967367228,60166.45237100851,208096.66233432177,2230.873458760206,50463.44061607303,5269.57314749839,39.52179860623793,1277.8714882683596,1586582.769656778,102973.04578016835,7101.352549682844,390.1812418768532,9.880449651559482,20594.609156033668,829004.0256910638,South America,Chile,None
41280160.45051892,121612.67910758487,48950.834733363256,317414.8944116619,4177.4059921111575,76973.111894828,4088.9124441991717,30.666843331493787,991.5612677182992,6499928.039718259,299090.4430680119,20796.960213840724,595.1529270218662,7.666710832873447,59818.0886136024,2254700.2558516464,South America,Colombia,None
777539.6765764068,268.3342650978783,140.34161023444136,1590.2170374295938,20.469798198870457,385.6276315766766,7.3600033820088955,0.05520002536506666,1.7848008201371557,14937.001310413003,710.1317664150688,86.53588528956435,2.9816569451804873,0.013800006341266664,142.02635328301375,3637.292505242717,Africa,Comoros,None
5083111.179863771,1273.8490910410642,505.4370467822587,1830.8006517389415,19.43173426199622,443.9691580466933,14.975215621427365,0.11231411716070522,3.6314897881961357,37978.4477824692,639.1656523625088,59.34320399043675,3.432751222010515,0.028078529290176305,127.83313047250176,8867.09546956128,Africa,Congo (Brazzaville),None
78642163.64664443,2975.969641291069,1235.5103148901853,5987.2166771691445,69.38167343105265,1451.9000442135175,4.657575355809616,0.034931815168572126,1.1294620237838318,78723.74898713759,3539.804048234151,259.93724039628125,11.226031269692145,0.008732953792143032,707.9608096468302,25882.621472779243,Africa,Congo (Kinshasa),None
4125655.5687388596,11259.528869112353,4682.976476313192,24571.634399335202,303.84212308578344,5958.621341838786,1256.3660361946306,9.422745271459728,304.6687637771979,669177.6525943625,14093.717911848244,1488.875555494283,46.071814498753504,2.355686317864932,2818.7435823696487,205464.00952247003,North America,Costa Rica,None
23579124.778305568,9534.691273310764,3190.8473059217067,9552.808572309004,104.14719183175127,2316.556078784933,155.9918780115663,1.1699390850867473,37.82803041780483,90934.8793341334,965.302090615993,330.77209869113693,17.911516073079383,0.2924847712716868,193.0604181231987,33182.739793921864,Africa,Cote d'Ivoire,None
2809338.0638413895,18079.90381940621,6670.248489410039,27438.37903901771,381.60472171799876,6653.806916961794,1117.214246867591,8.379106851506933,270.9244548653908,1273090.0914057074,27551.383957804836,2839.1807030987643,51.44696069815821,2.094776712876733,5510.2767915609675,243436.8684160367,Europe,Croatia,None
11188713.48111319,28090.858348909536,11298.634840325076,44373.16204732869,462.11664604067005,10760.491796477208,883.8210519225325,6.628657889418994,214.32660509121416,189616.74920572902,1561.7296870958712,1205.9941541854475,83.19967883874129,1.6571644723547485,312.3459374191741,50798.91811841076,North America,Cuba,None
1006654.3283328838,8581.301928725006,3235.8572784058124,11014.412413629509,119.54984433594919,2670.9950103051556,27.263165503475367,0.20447374127606524,6.611317634592775,136668.37790231593,1146.098332519242,413.8710747599109,20.652023275555326,0.05111843531901631,229.21966650384832,35766.23197186842,Europe,Cyprus,None
4351016.771571155,419500.41777089227,162865.94168779958,526759.4339371863,5473.295616129876,127739.16272976766,7561.128298231173,56.708462236733794,1833.5736123210593,4855550.766248998,103275.80006528279,16263.749213820918,987.6739386322241,14.177115559183449,20655.160013056557,1243268.479623278,Europe,Czechia,None
4869584.062300863,18691.43376380777,7345.8669003892,30511.437628818363,355.2854910313046,7399.023624988453,238.00899461751177,1.785067459631338,57.71718119474659,785204.9867453991,11728.392301431248,1469.949822209642,57.208945554034436,0.4462668649078345,2345.67846028625,212540.97158941868,Europe,Denmark,None
912295.8424151485,127.65381001284982,34.00006489597987,73.9429678767137,0.9783778270616752,17.931169710103067,4.091122425221048,0.030683418189157863,0.9920971881161041,29457.117983296244,320.4193082010259,6.063022259656018,0.13864306476883817,0.007670854547289466,64.08386164020519,6015.768152863527,Africa,Djibouti,None
9997117.110400101,17519.0597240144,7578.717392653307,47404.58501712546,563.6812336988146,11495.611866652926,713.3740089196846,5.350305066897635,172.9931971630235,550676.0795678812,15544.437286723318,2060.976674899388,88.88359690711025,1.3375762667244087,3108.887457344664,239938.7259970253,North America,Dominican Republic,None
15405267.704335982,47563.496048529894,18625.918853762905,69108.62154051333,751.8940924272404,16758.840723574485,1780.3974275359594,13.352980706519695,431.7463761774702,746091.4350281663,78674.59259262496,2550.125284570357,129.5786653884625,3.3382451766299237,15734.918518524999,284705.75580509496,South America,Ecuador,None
95246425.35580455,21261.93107542589,8441.770477967799,31927.92680189239,356.6507909748738,7742.522249458905,2304.720753281104,17.28540564960828,558.8947826706677,315964.18310977926,53679.75874834984,1361.6816558523396,59.86486275354823,4.32135141240207,10735.951749669972,182873.8325704859,Africa,Egypt,None
6116797.364558432,5333.702032063741,2170.09718529759,10564.771184897558,128.82778238029988,2561.9570123376575,1034.6895097379904,7.7601713230349265,250.91220611146267,196569.52936094612,9302.388996473112,622.2350173452434,19.80894597168292,1.9400428307587316,1860.4777992946229,60280.053171886415,North America,El Salvador,None
1190119.5853639815,985.0018792575379,376.14115182621657,1125.388938775762,11.045126719546548,272.9068176531223,1.0608724024926852,0.00795654301869514,0.25726155760447617,28132.487502644555,466.11712863860083,24.865629629608225,2.1101042602045537,0.001989135754673785,93.22342572772014,6081.560896590381,Africa,Equatorial Guinea,None
923953.0760690281,50661.67207373169,18411.684767133644,47938.91618705153,481.323988175365,11625.187175359995,880.4540945761328,6.603405709320994,213.51011793471218,259323.00440596903,2985.5677153306046,1361.6674025406405,89.8854678507216,1.6508514273302486,597.113543066121,66402.26433585472,Europe,Estonia,None
101877916.4230879,38841.56323278946,14400.308850121794,43366.43210344742,438.49568646920477,10516.359785085997,774.5975592093514,5.8094816940701355,187.8399081082677,404955.009393793,11793.160911398072,1151.536228975232,81.3120601939639,1.4523704235175339,2358.6321822796144,159679.2178563382,Africa,Ethiopia,None
5204593.317605719,22883.24052904933,8985.619735614426,29266.40907437394,292.25281899939176,7097.104200535681,612.8288791093119,4.59621659331984,148.61100318400815,217444.260736337,3767.75920048585,705.6829327777107,54.874517014451136,1.14905414832996,753.5518400971698,58827.011389985586,Europe,Finland,None
50427684.20189486,754298.0132223184,294371.27982703544,1097295.2519746912,11685.556874549626,266094.09860386257,17921.30457821682,134.40978433662613,4345.916360217579,13590305.914317854,431973.0525620462,35349.543030334644,2057.4285974525455,33.60244608415653,86394.61051240924,3741793.5964457165,Europe,France,None
1905732.1287896617,5595.551232589944,2233.1263964838013,7669.741505044369,75.38360067598987,1859.9123149732595,68.16593775696586,0.5112445331772439,16.53023990606422,56102.92041564783,432.02832272690637,158.70116148758729,14.380765321958192,0.12781113329431099,86.40566454538126,14842.06530437345,Africa,Gabon,None
2014556.0411407016,460.06374890000353,204.30146022221624,1009.369632976124,10.645434688349878,244.77213599671003,20.63911564866912,0.1547933673650184,5.004985544802262,21246.005412924245,744.0021390295985,27.603561901055173,1.8925680618302323,0.0386983418412546,148.8004278059197,4710.087462276435,Africa,Gambia,None
2316498.479546097,11138.845867686608,4641.4444179011625,28890.70174517885,411.71849014321737,7005.995173205873,1056.7911219801867,7.9259334148514,256.2718470801953,1331717.332045971,17674.493811340562,2888.4673810098893,54.17006577221035,1.98148335371285,3534.898762268113,270995.22404233273,Asia,Georgia,None
72784247.01781718,330657.5929131448,127056.78131412934,486600.1364349331,5505.539375578947,118000.53308547128,18881.823582642835,141.61367686982123,4578.842218790886,8440105.657820811,351909.46176045906,21318.351647733343,912.3752558154996,35.40341921745531,70381.89235209179,2460223.68623899,Europe,Germany,None
27970304.990644343,12965.466152352037,5844.646943570695,30657.972043231126,328.3544214663622,7434.558220483548,431.6068642335194,3.237051481751395,104.66466457662844,175556.1344014485,3096.3685928093482,871.157377558385,57.48369758105835,0.8092628704378487,619.2737185618695,83793.2955863963,Africa,Ghana,None
9685857.520342266,68649.15924446259,25656.26466245686,73713.31673131569,756.5612244768531,17875.479307344056,1937.4380123974029,14.53078509298052,469.82871800637014,839147.3287222149,32662.572249967616,2443.032334504896,138.2124688712169,3.63269627324513,6532.514449993522,193308.51041090308,Europe,Greece,None
16076843.215660539,20952.747180975355,8435.708568867674,34167.08562105643,375.55003956705855,8285.518263106183,3270.451948665732,24.528389614992985,793.0845975514397,397451.9519038912,31869.157826168554,1330.3039715377292,64.0632855394808,6.132097403748246,6373.831565233712,176000.36366449203,North America,Guatemala,None
12322729.078633437,4312.785203392878,1575.903286132888,3814.8016467052817,35.796867256145276,925.0893993260308,18.635157767322994,0.13976368325492244,4.519025758575826,62039.689782479974,467.5612340612722,71.31739726222702,7.152753087572403,0.03494092081373061,93.51224681225446,16088.846830369028,Africa,Guinea,None
1798960.983842177,740.5246831896054,310.7890936810496,1108.8948332941472,10.93826821925016,268.90699707383067,55.994352543780295,0.4199576440783522,13.57863049186672,13972.771695772943,254.19764591208434,23.734214285711868,2.0791778124265257,0.10498941101958804,50.83952918241688,3232.573345273036,Africa,Guinea-Bissau,None
732107.0902993113,1405.0251416968263,538.5073701363659,1998.9391132650069,21.8989926835774,484.74273496676415,187.70299031360364,1.4077724273520273,45.51797515104887,35523.24455010626,988.9230599417685,71.0842631331323,3.7480108373718877,0.35194310683800684,197.7846119883537,8651.986680431832,South America,Guyana,None
10815443.826654285,695.418942253337,314.5182317416576,1903.2100133285849,22.345284031142917,461.5284282321818,5.130903402159834,0.03848177551619876,1.24424407502376,27240.235809514983,1246.5030073590613,83.3414170303119,3.5685187749910967,0.00962044387904969,249.30060147181217,12476.372845002268,North America,Haiti,None
8588762.224644713,21371.905572527223,8719.157714111256,39643.07542434247,441.7387243187354,9613.44579040305,4218.087661994464,31.635657464958484,1022.8862580336574,418490.34851130977,20552.49404078254,1436.0322724118973,74.33076642064212,7.908914366239621,4110.498808156508,170312.52869953247,North America,Honduras,None
7627748.566197318,186354.24418065802,64748.87588348301,140861.93253288872,1374.6647108362808,34159.01863922551,13762.444514223356,103.21833385667517,3337.3927946991644,1670040.49232963,75467.14988318131,3973.3878824312474,264.1161234991664,25.804583464168793,15093.42997663626,432064.73323906417,Europe,Hungary,None
308028.99042300956,48.69124701755542,16.962810121414144,97.19498473795146,1.4351728624708198,23.569783798953228,0.5111008600705051,0.0038332564505287894,0.1239419585670975,25888.633222932218,145.8834794447633,9.134133119108677,0.182240596383659,0.0009583141126321973,29.176695888952665,6052.32944580833,Europe,Iceland,None
1291137948.3534412,630701.6357062635,233989.14270573354,800149.8607506695,8754.213179266902,194036.34123203735,3868.7780270787634,29.015835203090724,938.1786715666001,30379897.553249106,781040.9272018274,31150.409208880526,1500.2809889075054,7.253958800772681,156208.18544036546,11132222.633893814,Asia,India,None
254413530.53915408,235147.3997240833,98782.3223081644,506426.3923879058,6021.643256743937,122808.40015406715,41071.146304547765,308.03359728410817,9959.75297885283,5500497.7605251605,180902.60960912195,26532.30443288211,949.5494857273233,77.00839932102704,36180.52192182439,1340066.593870408,Asia,Indonesia,None
73893339.30556825,294058.2224950076,117578.95908732449,437628.66396841424,4667.082768930734,106124.95101234046,1354.3015939537827,10.157261954653368,328.41813653379234,5121478.670654088,300859.2674531978,14847.399077096485,820.5537449407768,2.539315488663342,60171.85349063956,1640342.9561813392,Asia,Iran,None
35282129.99459618,151584.33344183496,57157.36755838877,161206.64576517674,1543.9563166617947,39092.61159805536,894.2663891381396,6.7069979185360475,216.8595993659989,1441523.7569595717,67215.50077770997,3125.4918264215908,302.26246080970634,1.6767494796340119,13443.100155541997,698763.1305619783,Asia,Iraq,None
3730897.7376264497,20014.713490472517,8209.06635973347,50914.122424637906,695.8130883272335,12346.674687974692,2117.4309982374116,15.880732486780587,513.4770170725723,925959.9238971416,21410.159677467742,3905.5108951400753,95.46397954619609,3.970183121695147,4282.031935493549,219512.44577852302,Europe,Ireland,None
5740902.204306984,99556.8620158531,45123.580678321545,262636.6769595326,3050.914190581701,63689.39416268666,2122.832319618358,15.921242397137682,514.7868375074518,2300644.6848023706,28842.142484147404,11089.09411799305,492.4437692991237,3.9803105992844205,5768.428496829481,785600.7899468875,Asia,Israel,None
46873551.22752382,687094.4966683539,264471.74044065445,855922.9182032112,8908.341866104347,207561.30766427866,15308.276436125687,114.81207327094265,3712.2570357604786,11194946.218751801,488998.4033366085,26990.05521220295,1604.8554716310207,28.703018317735662,97799.6806673217,2959672.9740596563,Europe,Italy,None
2743400.2912031156,18389.344639821833,6562.304008078436,15718.33051428097,150.9783940796529,3811.6951497131345,813.2103526700663,6.099077645025497,197.20351052249103,90199.30249592717,2106.2406541452638,340.5183608939027,29.471869714276817,1.5247694112563743,421.2481308290528,23613.89137203017,Africa,Jamaica,None
125289779.69410367,43447.85137145784,17274.50315711326,92565.55451256664,1202.8389621697238,22447.146969297413,6255.907851846848,46.91930888885136,1517.0576540728607,1480339.8136997023,39633.71240924704,6139.67370820675,173.56041471106246,11.72982722221284,7926.742481849409,431034.9696405459,Asia,Japan,None
7340624.92625323,202075.911597925,69427.41482021933,152084.3450106635,1460.543667686763,36880.45366508589,1684.415092531577,12.633113193986826,408.4706599389075,1627353.1711595128,23789.714960011188,3620.7824839717464,285.158146894994,3.1582782984967066,4757.942992002238,394996.7846606478,Asia,Jordan,None
17133026.427225742,30856.175589538416,12323.390658050132,53438.49847225538,593.3551354757681,12958.835879521928,155.12115369066473,1.1634086526799856,37.61687976998621,537794.4486159006,15846.966981403633,1962.4260391600233,100.19718463547882,0.2908521631699964,3169.393396280726,263375.9776544231,Asia,Kazakhstan,None
48077305.118304074,13598.089738822933,4431.030001541742,11121.111374325217,113.72906268196408,2696.869508273865,561.6491343083488,4.212368507312616,136.1999150697746,342309.8829726951,9289.107619700295,332.6265717333715,20.852083826859783,1.053092126828154,1857.8215239400586,106155.24557190949,Africa,Kenya,None
50858536.80677927,14779.053472083837,5878.5613209392,24024.63624550473,275.73501799767286,5825.974289534897,229.97839034305804,1.7248379275729357,55.76975965819158,328029.3592541571,8069.400632589379,1166.8354705662757,45.04619296032137,0.43120948189323394,1613.880126517876,90407.91029765907,Asia,"Korea, South",None
1501998.34260308,19229.811806819984,7325.371785753426,22630.895496174053,227.81737331427155,5487.992157822207,91.28947641399768,0.6846710731049827,22.13769803039444,251155.91541076443,8029.741520754182,577.7788428260797,42.43292905532635,0.17116776827624566,1605.9483041508365,70107.97800126298,Europe,Kosovo,None
3510232.7219038913,43145.57867348488,16785.739094164506,54336.26644089101,543.3139591042707,13176.54461191607,1057.779657897062,7.933347434227966,256.51156704003756,407574.55144048785,5467.059303687925,1276.3497619707507,101.88049957667063,1.9833368585569915,1093.4118607375851,193086.51312224535,Asia,Kuwait,None
1567891.2073289389,21419.03875165749,8843.972296944507,38359.289289144195,422.7096296642838,9302.127652617468,50.29329512344245,0.37719971342581765,12.196124067434818,305956.72286619624,8166.065565932095,1383.2086897347513,71.92366741714537,0.09429992835645441,1633.2131131864185,86578.28262062978,Europe,Latvia,None
4267239.07946374,103083.7484577235,40261.14816375026,156795.00253170307,1739.508257382795,38022.788113938,9112.007222046615,68.34005416534961,2209.6617513463043,1364228.1178863044,23908.59809790079,5987.724143488726,293.9906297469433,17.085013541337403,4781.719619580159,378665.98078655626,Asia,Lebanon,None
2150046.093814481,239.0108416166145,155.07923581227345,3303.8440651100655,46.581481740666796,801.182185789191,120.00742166468568,0.9000556624851427,29.10179975368627,47645.04735185051,1434.1517465185123,254.13489664853876,6.194707622081373,0.22501391562128567,286.8303493037024,10588.591485084453,Africa,Lesotho,None
4604234.787474187,53.45015286771178,22.687890572418674,137.25495959478295,1.753677244739285,33.28432770173487,0.7633269718847343,0.005724952289135506,0.18510679068204808,8914.814235811404,424.01312330700847,8.56244689424714,0.257353049240218,0.0014312380722838764,84.8026246614017,2007.5144704681422,Africa,Liberia,None
5624245.191752491,26438.904961093,9033.331454578396,30625.468371927105,343.7732017798031,7426.676080192323,979.7770066147285,7.348327549610463,237.59592410407163,582799.3206521157,11115.612267555136,1303.473430991031,57.42275319736333,1.8370818874026158,2223.122453511027,134409.23834553696,Africa,Libya,None
26058.431457956627,81.41301949918392,32.565617264800906,202.75637080524308,2.872996765612534,49.16841992027145,0.6573242730430437,0.004929932047822827,0.15940113621293808,10966.004730731798,271.96573171515877,19.161539431676346,0.38016819525983075,0.0012324830119557068,54.39314634303176,2574.3788177465735,Europe,Liechtenstein,None
1779217.4402652804,17551.433392585135,7028.89782300115,37157.19588101789,510.3093346799204,9010.620001146837,954.2023128545167,7.156517346408871,231.39406086722025,1004290.4327951173,16338.917616103976,3407.6413711148034,69.66974227690855,1.7891293366022178,3267.7835232207945,198607.73745722335,Europe,Lithuania,None
331653.08297859033,6802.810670689956,2641.1080700999637,9200.13805754585,96.81949759336118,2231.0334789548683,10.610431940715802,0.07957823955536839,2.5730297456235633,227075.151114096,3258.59309250377,290.99998968371835,17.250258857898466,0.019894559888842096,651.718618500754,55299.761642853,Europe,Luxembourg,None
24837141.123735216,3921.58048609384,1379.6796596200222,3031.513620233689,27.649096790103357,735.1420529066694,25.05497646275622,0.1879123234706716,6.075831792218382,46787.77028034361,1495.2223482175793,48.231696714420586,5.684088037938166,0.0469780808676679,299.04446964351587,19318.381661871957,Africa,Madagascar,None
17927271.944102746,3053.047320624303,1502.894399358997,14889.863049700698,189.47714234056528,3610.7917895524197,65.06820638392205,0.4880115478794154,15.779040048101093,135735.2051036349,5240.44183406235,774.1326850636248,27.918493218188804,0.12200288696985385,1048.0883668124698,31992.58383279127,Africa,Malawi,None
29684532.55304907,64731.86191071978,28805.098817402457,162999.9511252788,1835.2896443341117,39527.48814788011,91.9675107974783,0.6897563309810872,22.302121368388494,1199125.0507861462,5592.747130670566,5820.872917336837,305.62490835989774,0.1724390827452718,1118.5494261341132,303065.14821053605,Asia,Malaysia,None
328940.6459178622,5412.722612151504,2145.793743853124,7426.328999734216,75.0608550452769,1800.8847824355475,1.558747206208812,0.011690604046566095,0.37799619750563684,71386.79801558018,301.8166393302472,181.39702635679942,13.924366874501654,0.0029226510116415238,60.36332786604944,19818.2301775021,Asia,Maldives,None
17958531.86917564,610.4972476753521,205.48643305415072,689.4635278011434,8.626268546949152,167.19490549177726,29.066818023188215,0.2180011351739116,7.048703370623142,32825.976161259125,1761.5527579994298,45.504882861764436,1.292744114627144,0.0545002837934779,352.31055159988597,8457.26834340089,Africa,Mali,None
318338.4873992153,8640.467563326816,3442.9681498652667,11773.440910084639,120.51432060939493,2855.0594206955248,83.8026246000225,0.6285196845001687,20.322136465505455,90068.6382402981,1602.670715155046,321.0904613255563,22.07520170640869,0.15712992112504218,320.53414303100914,23211.894409995857,Europe,Malta,None
4225104.855987914,641.0107842191519,256.0830118725917,1328.7999593881932,17.250337940683174,322.2339901516368,4.917886826205662,0.03688415119654247,1.192587555354873,71148.83196031161,2192.786609670908,92.37630129597481,2.4914999238528623,0.009221037799135617,438.55732193418163,17236.60563833342,Africa,Mauritania,None
1260492.806318385,130.06800567843595,38.159630864145655,77.77107448355844,0.8178231723164433,18.859485562262925,2.932121562482323,0.02199091171861741,0.7110394789019631,2658.2188121512386,52.633697749768764,2.5617962704334842,0.14582076465667207,0.005497727929654353,10.526739549953753,610.6665454731713,Africa,Mauritius,None
118656144.97195125,194750.4063163141,82555.83910408731,464098.800234597,5849.003858291275,112543.95905688978,154136.4276150557,1156.0232071129176,37378.083696651,6903540.436489757,928269.048470028,31944.310695770288,870.1852504398695,289.0058017782294,185653.80969400564,2094271.7099568017,North America,Mexico,None
2702378.459804223,50053.51719196753,18909.110537837165,54374.90424456062,552.112066041192,13185.914279305951,1199.9397235396846,8.999547926547635,290.9853829583735,691307.6797055545,19738.377516085588,1667.273474795835,101.95294545855114,2.2498869816369087,3947.675503217117,186337.8968391323,Europe,Moldova,None
29112.983448096664,375.80198304568046,155.42306219762972,827.754788838439,9.54171210894495,200.7305362933215,7.209437745459123,0.05407078309094342,1.7482886532738373,7685.7614549030295,121.99121733447272,33.11874903996018,1.5520402290720734,0.013517695772735854,24.398243466894545,1966.3346053326784,Europe,Monaco,None
3011783.1780953202,2194.6143132454804,773.8245694075243,2085.2251675626458,20.434944782537272,505.6671031339416,21.279257080279923,0.15959442810209942,5.160219841967881,9982.524212211669,25.93252298520054,47.01829813215804,3.909797189179961,0.039898607025524856,5.186504597040107,2720.7834123214952,Asia,Mongolia,None
250767.86023065247,19920.82227747419,7894.701551030389,28764.4554326945,305.47737762081726,6975.380442428416,1063.1542007775004,7.973656505831252,257.8148936885438,301742.54284157313,5080.81709555432,933.7956956450577,53.93335393630218,1.993414126457813,1016.163419110864,76505.07958197706,Europe,Montenegro,None
33613083.87161233,12634.256291770658,5106.8182338658025,26082.036086898956,316.00603223452407,6324.893751072996,123.98981978695514,0.9299236484021635,30.067531298336615,1569938.6841949366,43144.446522144826,1348.0563231721283,48.90381766293554,0.23248091210054087,8628.889304428963,484154.2815768706,Africa,Morocco,None
28521718.22657092,15161.923146814112,6847.437609563594,37898.25797496167,418.7530274730982,9190.327558928206,432.1707426071484,3.2412805695536133,104.8014050822335,234446.34116497493,3254.5195181098943,1256.9604760362404,71.05923370305314,0.8103201423884033,650.9039036219791,59760.517528462275,Africa,Mozambique,None
2320056.814692339,6084.793021888974,2403.673200333213,9875.203009886349,113.80889549610825,2394.736729897439,97.40338470932556,0.7305253853199417,23.620320792011448,136511.94941674697,2150.2668025247513,448.81631451262956,18.516005643536904,0.18263134632998543,430.0533605049504,38727.37465873177,Africa,Namibia,None
27959277.917667538,3989.2957880324075,2076.949786938564,15718.567197756161,171.49881212086026,3811.7525454558695,1521.0420472161964,11.407815354121473,368.85269644992763,982537.9581102247,13285.757532912867,466.87102054494574,29.4723134957928,2.851953838530368,2657.1515065825733,276576.39798287116,Asia,Nepal,None
12145630.129574133,170537.18134077435,65458.10152801036,241516.3899902314,2697.521002307649,58567.724572631116,4288.135579969126,32.16101684976846,1039.8728781425132,4250804.683806045,77836.09871090688,10248.885525342497,452.8432312316839,8.040254212442115,15567.219742181378,1092257.4348681795,Europe,Netherlands,None
4681007.765053464,127.32502627532672,48.149446518961994,164.67088052760084,1.8119535472002157,39.9326885279432,1.1496345554398364,0.008622259165798772,0.27878637969416037,11180.25859011926,128.64931782521072,6.61056284244908,0.30875790098925154,0.002155564791449693,25.72986356504214,2379.7146896547715,Oceania,New Zealand,None
6118165.5429972885,251.30300801496185,100.30327745310773,387.453341621934,4.2410263898532055,93.95743534331899,8.109804623838583,0.060823534678789364,1.9666276212808562,30047.87190774038,867.1897503683467,14.735104303461775,0.7264750155411261,0.015205883669697341,173.43795007366936,6458.779176925058,North America,Nicaragua,None
20652180.774283897,240.44127364163828,96.88957258307009,586.0037435124336,8.03450800160543,142.10590780176517,6.251462250498218,0.04688596687873663,1.5159795957458178,18846.32970419479,878.6066785525239,46.493369219257445,1.0987570190858131,0.011721491719684158,175.72133571050483,4772.913594017963,Africa,Niger,None
185466907.51126543,13781.04914749229,6525.0474880046895,46293.39102438362,556.8756654735054,11226.147323413028,271.39484573510106,2.0354613430132593,65.81325009076198,434422.43775070104,9588.296777992915,2129.948352594798,86.80010817071931,0.5088653357533148,1917.6593555985828,156476.88003514623,Africa,Nigeria,None
1580545.42494733,23037.85972270421,8297.775622124063,22109.121388602667,231.7678065767786,5361.4619367361465,1206.8638952645056,9.051479214483791,292.6644946016426,424456.07280491566,15657.93590192996,838.799638247051,41.45460260363,2.262869803620948,3131.5871803859923,103116.37229732783,Europe,North Macedonia,None
4859703.683108291,20361.998908447044,6905.288973674879,19324.535412010988,217.85957578971463,4686.199837412665,96.87023093279187,0.726526731995939,23.491031001202025,318521.7890415552,3086.557354153396,937.4281740575274,36.2335038975206,0.18163168299898474,617.3114708306791,71658.15919987879,Europe,Norway,None
4125742.307055915,14840.921708754686,5494.714336799394,15476.998496685375,154.1745515854331,3753.172135446203,524.4194765643759,3.9331460742328197,127.17172306686119,250793.9767421527,7850.210626956629,386.2743413911911,29.019372181285082,0.9832865185582049,1570.042125391326,141137.81752265923,Asia,Oman,None
191639342.42376518,63794.8437096305,23532.474059845365,82155.81015389094,952.9005641477021,19922.78396231855,3781.7184284653335,28.36288821349,917.0667189028434,1304343.8349232366,64703.78082619245,4237.447550792207,154.0421440385455,7.0907220533725,12940.756165238487,583306.9531279441,Asia,Pakistan,None
2748857.793825055,18038.648625718637,7550.397921894681,48115.53628808079,660.9867270912453,11668.01754985959,1529.7419626538128,11.473064719903594,370.9624259435495,1168013.0563375955,29302.38527138713,3971.7129577639876,90.21663054015146,2.8682661799758984,5860.477054277426,341518.2147728347,North America,Panama,None
8077166.645180518,2120.774709604315,632.1175498618996,836.9797302697277,7.002617540477413,202.96758459040893,9.634596816736154,0.07225947612552114,2.3363897280585166,3954.849380539573,57.62000105653186,9.188775360105833,1.569336994255739,0.018064869031380285,11.524000211306374,1086.2861689224355,Oceania,Papua New Guinea,None
5977186.695316532,49807.789498626764,18816.7231577073,57767.14349621022,597.9498295072285,14008.53229783098,5400.49634815944,40.5037226111958,1309.620364428664,584558.3131231518,15814.232845233691,1802.3507521627985,108.31339405539417,10.12593065279895,3162.8465690467388,161133.2371806393,South America,Paraguay,None
28710659.913940452,234227.62126400362,93189.65121674676,341642.1978242165,3561.6416060734023,82848.23297237251,34440.974731534436,258.3073104865083,8351.9363723971,2035487.316264125,229171.20649759364,9937.240881472793,640.5791209204059,64.57682762162707,45834.24129951873,1325908.3149743474,South America,Peru,None
101812523.49709828,92938.56635036336,33043.12720696091,102364.0976587541,1084.5469285391707,24823.293682247866,2081.290763678721,15.609680727590405,504.71301019208977,1190718.4621409262,60124.7954793367,3366.130856066412,191.9326831101639,3.902420181897601,12024.959095867342,578005.5279840719,Asia,Philippines,None
29602693.708854143,529682.8739705498,196926.71381600606,544058.6324497445,5357.655825929427,131934.21836906305,51972.69032011772,389.79517740088284,12603.377402628546,6654355.8599652145,218040.47384920562,13624.186220155818,1020.1099358432709,97.44879435022071,43608.09476984111,1720760.3894755747,Europe,Poland,None
6745217.289327036,24324.16087101516,13210.181245435058,195058.46655674197,2642.030419584499,47301.67814000992,1029.7840681654336,7.7233805112407525,249.72263653011743,3213537.3927613245,82032.57059364808,12020.096211339087,365.73462479389104,1.9308451278101881,16406.514118729618,815710.2578867931,Europe,Portugal,None
2261726.1661584373,18212.11056806583,6964.276609354491,22054.310940925378,221.59554599708105,5348.170403174403,230.37087392415367,1.7277815544311526,55.86493692660726,253611.46888263134,1377.9372990093805,541.2086799848566,41.351833014235076,0.43194538860778814,275.58745980187615,161794.05112917672,Asia,Qatar,None
16199422.567143206,138719.58043223052,51324.11211034571,157073.136506108,1702.7676428531686,38090.23560273118,6696.389337149117,50.22292002861839,1623.8744142586609,3009079.8609385095,101518.25295258425,6288.478441885332,294.5121309489525,12.555730007154597,20303.65059051686,804707.4612723986,Europe,Romania,None
126720173.08993441,385511.615945604,158471.39586936805,784220.3374099486,9718.529365715845,190173.43182191253,57533.05369853124,431.4979027389844,13951.765521893827,15595520.835318888,426690.4472109914,48989.609389503705,1470.4131326436534,107.8744756847461,85338.08944219828,4204440.281348519,Asia,Russia,None
11815917.783031061,4171.521291543317,1704.0246132962136,7876.462599152269,91.75454403128262,1910.0421802944252,54.59090232369722,0.4094317674277292,13.238293813496577,84457.38327164821,1310.7898410669936,362.9380263845867,14.768367373410504,0.1023579418569323,262.1579682133987,18884.333805389524,Africa,Rwanda,None
13925.864024853594,1188.9738382799824,449.2119784119677,1390.6723345079995,14.392170187328578,337.23804111818987,44.34004394270706,0.332550329570303,10.752460656106463,15468.044923844545,373.1776338680104,42.71370095072675,2.6075106272024984,0.08313758239257575,74.6355267736021,3712.3067734444585,Europe,San Marino,None
189630.37269558792,803.2832170632996,342.55392348993735,1163.2752590610937,11.308549513056493,282.09425032231525,3.098066584089845,0.023235499380673836,0.7512811466417874,7535.832516972486,137.40700475979145,24.472740983153123,2.181141110739551,0.005808874845168459,27.48140095195828,1826.2118394172055,Africa,Sao Tome and Principe,None
31906773.733964797,13601.510336820698,5212.601838320852,17148.74945779823,185.01314861765258,4158.571743516071,532.6525336061314,3.9948940020459855,129.16823939948685,295443.1815256342,32497.82231748812,700.8249231603716,32.153905233371674,0.9987235005114964,6499.564463497623,376980.89468697883,Asia,Saudi Arabia,None
15262705.10576628,7201.087342476938,3104.395462585511,14309.522881676403,156.8232149523059,3470.0592988065273,242.36271189498063,1.8177203392123542,58.77295763453279,115969.64237510879,4394.410268246134,506.60046857195323,26.83035540314325,0.45443008480308855,878.8820536492268,34604.087277677456,Africa,Senegal,None
4969679.806675239,135335.16090283584,48949.115341581964,135305.03570202985,1371.064661093693,32811.47115774224,1648.5472273433725,12.364104205075295,399.77270263076787,1709735.0165351871,22164.64499011081,3776.9275024820563,253.69694194130602,3.0910260512688237,4432.928998022161,461533.39102981077,Europe,Serbia,None
78399.26884357013,1860.443320088434,759.6125336534775,2878.860221673788,29.656829233928725,698.1236037558936,39.85831967559005,0.2989373975669254,9.66564252133059,9939.19443599882,62.01731243105363,76.24605181612782,5.397862915638353,0.07473434939173135,12.403462486210724,2739.900164206603,Africa,Seychelles,None
7377257.485529936,29.402888965301422,19.33425627674123,695.9233609825055,9.609781675082626,168.76141503825758,0.008751913799058444,6.563935349293836e-05,0.0021223390962716725,17614.418349115,395.05347811971416,41.51266394893685,1.3048563018421973,1.640983837323459e-05,79.01069562394282,3969.811136189722,Africa,Sierra Leone,None
5553129.749388491,418.11777250646696,170.68663619039185,985.7406356282881,11.510142459377747,239.0421041398599,2.865021707777188,0.02148766280832891,0.6947677641359681,52176.84887438136,147.72316906809024,37.826677216870166,1.8482636918030406,0.005371915702082227,29.54463381361804,59889.304261945945,Asia,Singapore,None
3783815.6757800444,74542.29042988543,30455.101771056983,118655.9619828902,1323.5701878865266,28774.070780850874,17915.89896311704,134.3692422233778,4344.605498555883,1332386.6877206394,36355.76764284983,5363.495592114079,222.4799287179191,33.59231055584445,7271.153528569969,310250.4013160582,Europe,Slovakia,None
1180656.611071499,25644.222137429777,10292.365804708288,48023.48633214674,559.8346444518172,11645.695435545585,182.63871312086548,1.3697903484064908,44.28988793180987,768567.9421405422,19226.544042274592,2189.3508059181722,90.04403687277515,0.3424475871016227,3845.3088084549186,190761.23411151458,Europe,Slovenia,None
14277675.377484562,5563.59042024164,2094.1754092194574,4699.317192833182,42.17998816603752,1139.5844192620468,189.48302180779507,1.4211226635584628,45.949632788390296,25372.19869195306,1172.7226165033126,70.12714011586426,8.811219736562215,0.3552806658896157,234.54452330066246,7051.564408891374,Africa,Somalia,None
51150734.23135612,40792.34743123588,17287.963546235685,161685.20048535592,2555.6391520338416,39208.6611176988,6259.862842687596,46.94897132015697,1518.0167393517422,4236996.719858814,251779.4084991439,18932.22274599843,303.15975091004236,11.737242830039243,50355.881699828795,1514309.2393413542,Africa,South Africa,None
12185610.862952713,4791.329593150583,2118.5408386437434,7737.869934731368,73.39322015925292,1876.4334591723566,4.461249025010244,0.033459367687576805,1.081852888564984,28048.27121981522,467.7222203339031,132.3855996929601,14.508506127621315,0.008364841921894201,93.54444406678067,7968.523297851455,Africa,South Sudan,None
33585036.115356855,156691.35118186453,75871.98921596813,701485.4911534174,8991.568406451486,170110.2316047037,26224.89084804589,196.68668136034412,6359.536030651127,11364295.914330697,348695.22518999875,39005.54726547195,1315.2852959126574,49.17167034008603,69739.04503799973,3165772.914553453,Europe,Spain,None
20812644.445975594,16075.153676174257,6780.393090490832,33345.234274979746,372.55518991400754,8086.219311682589,112.24865488040126,0.8418649116030094,27.220298808497308,323191.7486046114,2363.9390579519923,1190.310043546441,62.522314265587035,0.21046622790075234,472.7878115903985,82687.77208284762,Asia,Sri Lanka,None
39488347.718036465,2113.9945579819937,860.2115884723735,3431.2003356932714,37.405954482587426,832.0660814056183,1327.3718156703933,9.955288617527954,321.88766530007035,71858.08303610988,9688.10563979952,141.21645490247315,6.433500629424884,2.4888221543819884,1937.621127959905,30346.664206266152,Africa,Sudan,None
512193.98202082945,233.68628869784135,102.15931691930439,1128.40714763808,17.056999314714055,273.6387333022344,10.777531113492914,0.08083148335119687,2.6135512950220328,43530.139248657004,875.4583307494507,109.5490342413201,2.1157634018214018,0.020207870837799218,175.09166614989013,8905.29601625123,South America,Suriname,None
6951944.950601033,136261.96494472068,52224.0385796401,189138.89794611867,2108.236027730832,45866.182751933775,2223.329260109127,16.674969450818455,539.1573455764634,2458498.895627738,64299.67194594967,8084.496275247644,354.6354336489725,4.168742362704614,12859.934389189932,662674.933563253,Europe,Sweden,None
5869075.256920313,39150.65234822678,15414.5013750483,70133.02082092882,836.726438720336,17007.257549075242,457.6461140199322,3.4323458551494914,110.97918264983356,2309885.698314395,50022.82859076528,3623.205536138459,131.49941403924157,0.8580864637873729,10004.56571815306,557929.1290830036,Europe,Switzerland,None
8676314.313504238,0.0030936835024878142,0.0020645068491956524,1.201912113414323,0.030263715144123217,0.29146368750297325,0.016545472354230872,0.00012409104265673153,0.004012277045900987,58185.09601671914,450.04099949713,0.3700880254366277,0.0022535852126518573,3.102276066418288e-05,90.00819989942599,13307.997394574468,Asia,Tajikistan,None
55569666.0,0.0,0.0,0.0,0.0,0.0,0.0,0.0,0.0,2430.0,105.0,0.0,0.0,0.0,21.0,509.0,Africa,Tanzania,None
68736540.1093772,4742.190067434553,2164.297562916635,13836.4577301414,162.04054228226497,3355.340999559289,118.7272875558568,0.890454656668926,28.79136723229528,102073.6375749117,491.51703612475035,573.0744179547851,25.943358244015116,0.2226136641672315,98.30340722495005,26285.754072523185,Asia,Thailand,None
7568632.295139762,2800.3856241225526,1076.3773985686491,3808.266741416698,39.39333649630512,923.504684793549,1.7083201569561197,0.01281240117717097,0.4142676380618593,28650.864630006745,440.7770446351911,105.98965102526812,7.140500140156307,0.0032031002942927425,88.1554089270382,6964.479760909636,Africa,Togo,None
1326507.4380297766,145.425891975127,57.92402571657488,348.03481018144413,4.4255509445149315,84.39844146900018,3.3749072040193955,0.025311804030145466,0.8184149969747034,37113.86431618847,696.2702997430258,20.227272315188916,0.6525652690902076,0.0063279510075363666,139.25405994860515,7750.243394228407,South America,Trinidad and Tobago,None
10323485.0644658,18613.710247418243,7611.940711810574,49274.77983838177,639.1277154611894,11949.13411080758,950.1895934628984,7.1264219509717375,230.4209764147529,950230.5104058686,40255.99551262418,3076.063707449832,92.39021219696582,1.7816054877429344,8051.199102524835,233665.94095520265,Africa,Tunisia,None
69145029.8357904,356382.4609922945,130900.41631943891,447816.49669342866,4850.605190365724,108595.50044815644,2442.5625552236684,18.319219164177515,592.3214196417396,9173590.255013144,142207.2263587383,16082.839721387187,839.6559313001787,4.579804791044379,28441.445271747656,2712334.866258285,Asia,Turkey,None
3348553.1126284464,27226.263631136844,11632.77404262854,72225.65743178867,899.7227466767481,17514.721927208753,2215.933980083962,16.619504850629717,537.3639901703608,1372920.3670285167,49442.46308849119,3967.1270981867224,135.42310768460376,4.154876212657429,9888.492617698239,495873.22378260986,North America,US,Alabama
469424.1831966193,4407.548176308301,1760.9067874312493,8201.44265986262,95.6615147201555,1988.849845016685,15.220510607038374,0.1141538295527878,3.6909738222068054,244169.2397013579,1478.1424804249816,367.78417103784705,15.37770498724241,0.02853845738819695,295.62849608499636,58668.64915702565,North America,US,Alaska
4379071.367017569,32823.41072416204,14726.21052107454,130893.80659706942,1800.2463267502224,31741.74809978934,4082.3314933307297,30.61748619998048,989.9653871327022,2602572.431361958,79984.86498496472,9743.19607042317,245.4258873695052,7.65437154999512,15996.972996992949,819477.5413395499,North America,US,Arizona
1807287.1675642435,15666.704795114903,7068.388747876554,51373.97042907833,666.6513169193579,12458.187829051494,1164.362833047522,8.732721247856412,282.3579870140241,1094831.6203170442,26995.855459362512,3313.4504333565906,96.32619455452183,2.183180311964103,5399.171091872502,321871.1583821017,North America,US,Arkansas
25369293.011001844,140583.89752267703,62324.07432438735,550230.9316463107,7937.703681802274,133431.00092423035,37752.79802108199,283.14598515811485,9155.05352011238,12936355.561923614,264875.8214487918,49920.88210290661,1031.6829968368327,70.78649628952871,52975.164289758366,3575647.3949225466,North America,US,California
4013496.3480963996,36294.63766510604,14634.228472983352,66770.90417859712,775.9745881663268,16191.944263309802,208.60124625277473,1.5645093468958104,50.58580221629788,1580583.7553648988,29727.455812722885,3063.484714593066,125.1954453348696,0.3911273367239526,5945.4911625445775,429536.16027612967,North America,US,Colorado
2393036.40718996,26917.425035736316,10858.68162833759,58817.709104598165,727.298198411602,14263.294457865055,687.1168286037462,5.1533762145280955,166.6258309364084,1021546.8975918737,38260.390757462155,3287.5769168757924,110.28320457112154,1.2883440536320239,7652.078151492431,281536.89893812896,North America,US,Connecticut
545798.2090913453,9020.68932534634,3657.4219912721887,19197.615695354194,244.29565035970754,4655.421806123392,464.38122054669464,3.48285915410021,112.61244598257343,383387.9059585801,7221.963955935414,1269.706077552217,35.99552942878912,0.8707147885250525,1444.3927911870828,86935.8608540987,North America,US,Delaware
543340.5680128727,4345.766790819438,1741.190086366639,8103.584274535249,96.1310235172212,1965.1191865747978,160.76032638183247,1.2057024478637437,38.984379147594375,140885.65180205926,5070.0384152775705,401.6188506596481,15.19422051475359,0.3014256119659359,1014.007683055514,40753.26627398586,North America,US,District of Columbia
13976199.23524929,169814.08770693257,70880.92687048427,384637.9283193788,4670.086494512135,93274.69761744936,12301.219039828888,92.25914279871664,2983.0456171585056,6608279.060971361,154604.45297080776,20216.56650103977,721.1961155988354,23.06478569967916,30920.890594161556,1914043.3588845471,North America,US,Florida
7202123.418827321,83662.83498666665,35480.148827174395,199503.24719304737,2475.185351036305,48379.53744431399,7604.5519840479365,57.03413988035954,1844.1038561316245,2949652.1260839486,86640.81130642995,11247.969584153016,374.0685884869638,14.258534970089885,17328.162261285994,1006163.9825813706,North America,US,Georgia
1294607.6139910258,2075.050608881522,797.960964934266,3644.0346325969863,44.00193895827031,883.6783984047692,35.50824450684135,0.2663118338013101,8.610749292909025,111570.56712110013,2204.7070384642175,183.63824661094762,6.832564936119349,0.06657795845032753,440.94140769284354,28392.9370944629,North America,US,Hawaii
1109463.4144740799,10249.118593828172,4086.9694117444496,19125.939190165762,237.5570147965842,4638.040253615196,151.98196828503447,1.1398647621377584,36.855627309120855,629739.3163685377,9334.667232875794,1168.0829851220842,35.8611359815608,0.2849661905344396,1866.9334465751592,171694.4590705554,North America,US,Idaho
7031495.918426788,58170.389808452885,23133.138655514107,137100.76365715577,1981.0957184666893,33246.93518686028,2921.61593798297,21.912119534872275,708.4918649608701,5269047.948607657,113992.79001662502,13816.809318655454,257.06393185716706,5.478029883718069,22798.558003325008,1186540.0516391282,North America,US,Illinois
4015245.538806766,27262.47914677785,11352.888189201894,75783.78534883985,1028.5050424746216,18377.567947093667,2148.841192414067,16.116308943105498,521.0939891604112,2517592.0092886374,62890.174739690774,5882.5685631435235,142.09459752907475,4.029077235776374,12578.034947938153,662395.7299211244,North America,US,Indiana
1961210.4024827997,16740.791857007694,6803.601506028697,33970.54936546561,404.95166660945944,8237.858221125409,843.9036273240644,6.329277204930482,204.6466296260856,1099249.1386628733,27397.826703935254,1649.8512249249843,63.69478006024801,1.5823193012326204,5479.5653407870495,337018.43426564045,North America,US,Iowa
1686368.9194931851,10537.726774371671,4839.3276458303735,37099.50600750742,480.6815173241765,8996.63020682055,858.9811731812777,6.44235879885958,208.30293449645984,1140657.68435753,23259.797530954656,2350.3681565196794,69.5615737640764,1.610589699714895,4651.959506190932,296926.8027813885,North America,US,Kansas
2664139.333854439,31710.189336672745,13640.693512874817,84138.62688349001,1077.1046285604205,20403.617019246325,7313.428781692639,54.8507158626948,1773.5064795604649,1619232.2407406687,24189.40804693116,5434.186699776076,157.75992540654374,13.7126789656737,4837.881609386232,405523.0696379866,North America,US,Kentucky
2411178.3350298908,19201.28360460478,8374.965387961523,72207.23175464764,1124.2828740008272,17510.253700502053,2702.03384357009,20.265253826775673,655.2432070657469,2067533.3665411198,48286.73880280965,8919.626495865257,135.38855953996438,5.066313456693918,9657.347760561932,430613.2168650656,North America,US,Louisiana
1043820.6062547304,5119.1934226315925,2035.8795868470093,12722.38781914468,181.77880824590414,3085.179046142586,262.57890575287223,1.9693417931465422,63.675384645071524,273434.46919364604,3484.2822364211047,1228.2679244147482,23.85447716089628,0.49233544828663556,696.8564472842211,44871.091167720624,North America,US,Maine
4630004.567201524,27457.620705257603,10950.991318147906,60726.44614011482,790.4706650107427,14726.163188977845,1169.3508841335563,8.77013163100167,283.56758940238734,1260230.107469026,39331.94470677282,4173.550924650414,113.8620865127153,2.1925329077504174,7866.38894135456,382658.3311142315,North America,US,Maryland
3975240.585228817,53336.38202035351,21503.158190676317,126365.53110537959,1704.0050396516074,30643.641293054556,6582.782440511999,49.37086830383999,1596.3247418241597,2594602.755447997,80878.46362343004,10137.377247360913,236.93537082258675,12.342717075959998,16175.69272468601,581910.7458155366,North America,US,Massachusetts
7328050.135845785,51125.77284327298,19082.820445437676,82655.41142965107,1009.8854149575383,20043.93727169039,935.9154066983117,7.019365550237341,226.95948612434063,2401330.800559266,82388.3419315649,4838.629625193014,154.97889643059577,1.7548413875593352,16477.66838631298,648738.1858763924,North America,US,Michigan
3777863.2865184164,31355.27172184368,11975.539412736505,47458.32077974943,551.5619208726305,11508.642789089237,333.39023499301015,2.500426762447576,80.84713198580495,1725353.0367440665,33149.602319484344,2275.427414082021,88.98435146203018,0.625106690611894,6629.920463896869,484583.2374314099,North America,US,Minnesota
1963661.569043972,15689.661821925314,6755.808626134097,42704.49712880414,547.1780014279743,10355.840553735006,1438.7268863527893,10.790451647645918,348.8912699405514,900915.745003238,33720.29121282298,2664.221763047814,80.07093211650776,2.6976129119114796,6744.058242564595,295036.91338766116,North America,US,Mississippi
4154139.67549649,21457.177721564705,9127.905546418122,62369.45877508033,825.5190099563415,15124.593752956976,2732.5041946599817,20.49378145994986,662.6322672050455,1829392.215400842,41575.8240533674,4359.52944741317,116.94273520327557,5.123445364987465,8315.164810673481,563512.0821795727,North America,US,Missouri
626671.0857194754,4852.132330939543,2015.1161076957665,11404.567339936777,138.99546016199514,2765.6075799346677,15.157202471339431,0.11367901853504567,3.675621599299812,414096.07810337323,6815.47085539379,581.1279950513374,21.383563762381456,0.028419754633761417,1363.0941710787579,100069.47846458342,North America,US,Montana
1166839.0240805885,10315.768363673666,4155.013891965323,20433.978059171222,250.96592080954488,4955.239679349021,160.71882634790848,1.2053911976093137,38.9743153893678,716841.1062183132,10416.0052531944,1123.609161982633,38.31370886094604,0.3013477994023284,2083.201050638879,200832.59951839346,North America,US,Nebraska
1945549.6211567284,11856.876100599698,5036.639425684323,34918.82713769506,478.9634825749893,8467.81558089105,1539.2485579540635,11.544364184655473,373.2677753038603,1047088.2114581261,24834.98496025808,2837.6871799019264,65.47280088317824,2.8860910461638682,4966.996992051617,294458.2443890469,North America,US,Nevada
1020740.8518534865,8961.936768568674,3582.597388218725,18535.808775477442,226.73687956856182,4494.93362805328,65.10202108655626,0.48826515814917193,15.787240113489897,297215.84248808364,5870.914692184901,975.753683938356,34.7546414540202,0.12206628953729298,1174.1829384369803,75220.98645661757,North America,US,New Hampshire
5972336.595578362,119027.96635921473,46080.600439842354,193859.12749298135,2206.7238146807895,47010.83841704798,1926.9254306509474,14.4519407298821,467.2794169328546,2382743.122628947,116516.36848060976,7932.149025735482,363.48586404933997,3.612985182470525,23303.273696121945,792141.502633711,North America,US,New Jersey
1302562.6720988054,8727.68613549927,3720.5966472854166,23411.718348333674,302.56846276274456,5677.341699470915,1308.7870647506068,9.815902985629553,317.38086320202217,732150.5949371879,18639.83783971616,1562.4482707104585,43.896971903125625,2.453975746407388,3727.9675679432316,185285.84605108644,North America,US,New Mexico
13507391.228301719,268261.73464239197,106889.69863619581,464424.78918945114,5361.77372047055,112623.01137844191,11045.581050441102,82.84185787830825,2678.553404731966,4735872.095024554,238929.69279372325,20451.11003051815,870.7964797302209,20.71046446957706,47785.938558744645,1645280.7375714213,North America,US,New York
7262451.020635561,71167.43103064873,30758.502800779566,193917.03385118814,2405.7516813667344,47024.880708913115,1883.9123938638634,14.129342953978975,456.8487555119868,2821694.249345458,56310.239453755115,10424.202273198065,363.59443847097776,3.532335738494744,11262.04789075102,860946.8797744696,North America,US,North Carolina
353881.7149464867,2885.7465842177035,1113.9133220916435,4742.784222808603,56.25957141563862,1150.125174031086,19.206985453975374,0.14405239090481525,4.657693972589028,390824.41490773525,7383.032539395903,242.58375088322376,8.892720417766128,0.03601309772620381,1476.606507879181,99839.22655844559,North America,US,North Dakota
7806387.081270273,58655.52241569441,24231.80823794417,147030.6977569222,1884.652280656145,35654.944206053624,2402.2043686130146,18.01653276459761,582.5345593886561,3519431.3565581143,92821.18181357572,9125.133528456525,275.68255829422907,4.5041331911494025,18564.23636271514,968204.7511386372,North America,US,Ohio
2121594.390134619,21889.185767013943,9640.761509991238,68798.27661880942,883.6829169225316,16683.582080061286,8233.114903769492,61.74836177827118,1996.5303641641017,1684163.1354585702,23026.591884300866,4191.879975530258,128.99676866026766,15.437090444567795,4605.318376860172,423447.55678275577,North America,US,Oklahoma
3621074.1922866716,10633.782208968323,4465.645538396146,24875.98878462024,303.11170501028397,6032.427280270409,361.15022484624035,2.708626686346802,87.57892952521328,538634.4016362772,11266.012778727818,1292.3902797957826,46.64247897116296,0.6771566715867005,2253.202555745563,155692.3333412284,North America,US,Oregon
8670500.271161841,87699.67371642099,35233.58599206734,186601.2267005836,2368.48837781186,45250.797474891515,3124.4466626413196,23.433349969809896,757.6783156905201,3650416.869940607,120012.52830747367,12222.602814778018,349.87730006359425,5.858337492452474,24002.50566149474,935826.7393816131,North America,US,Pennsylvania
515829.2172294716,12418.310729170047,5011.587569384388,24139.538521097078,295.73365966843636,5853.838091366042,189.92358800594366,1.4244269100445777,46.05647009144133,482934.3304053631,12641.039309471837,1368.0713068318435,45.261634727057015,0.3561067275111444,2528.207861894367,126529.51995000103,North America,US,Rhode Island
3265208.463510681,52887.14050097494,23248.50631570299,138787.3214972191,1656.2278658340651,33655.925463075626,1836.383320366837,13.77287490275128,445.322955188958,1588104.3970058826,42870.53869017127,6467.819338035846,260.22622780728574,3.44321872568782,8574.107738034252,516758.02476560324,North America,US,South Carolina
423406.49100095214,5588.539187650748,2189.38261881285,9004.757608340095,104.99030916064078,2183.653720022473,195.55209515237118,1.466640713642784,47.42138307445002,432517.5421901899,9419.20324593054,440.66752315550474,16.883920515637676,0.366660178410696,1883.8406491861078,112511.87354045022,North America,US,South Dakota
4039329.3640451366,42950.35320450675,17662.436398884223,100156.15988133689,1292.9089377279533,24287.868771224195,2016.092434947912,15.120693262109338,488.9024154748686,2544217.527338934,56757.26587856399,6585.401078108833,187.79279977750667,3.7801733155273345,11351.453175712795,776069.0687452187,North America,US,Tennessee
17870523.6506306,177942.87061531443,77943.36871444933,548904.2526899603,7174.978308308401,133109.28127731537,24415.295991445106,183.11471993583825,5920.709277925437,9928628.000975387,221135.47679935728,37356.30666023782,1029.1954737936753,45.77867998395956,44227.095359871455,2665532.959666159,North America,US,Texas
1385640.8202387088,19080.117904695915,8139.137541391171,56068.59593912092,794.8573024188166,13596.634515236821,1201.8760454749574,9.014070341062178,291.4549410276772,1711452.6600852036,9682.831416380575,5253.107545891224,105.1286173858517,2.2535175852655445,1936.566283276115,371639.4610259175,North America,US,Utah
546022.9430137416,3751.2608494993674,1486.3673288846358,6557.316927992976,74.66796832463933,1590.1493550382966,23.27591514738096,0.17456936360535721,5.644409423239884,63456.736055834175,1020.4636067499889,275.3605728472457,12.29496923998683,0.043642340901339303,204.09272134999773,15325.156770793039,North America,US,Vermont
6472162.804507351,56639.36778176392,24534.970227901344,144321.02012455673,1731.4385385499372,34997.847380205,7768.489305080857,58.26366978810642,1883.8586564821076,1747730.3702526644,43690.56955565743,6798.371144897906,270.6019127335439,14.565917447026605,8738.113911131482,578486.5834421634,North America,US,Virginia
6380351.329154551,25710.48406718529,10652.298056731408,57442.38092643663,707.079866463464,13929.777374660884,1364.3949636463055,10.232962227347292,330.8657786842291,1099622.1331033006,24772.023746112194,3207.8333323291904,107.70446423706865,2.558240556836823,4954.404749222438,340747.66670192906,North America,US,Washington
1240221.1860179876,11028.527932255523,4407.601914911436,23393.402636970262,293.75232922365615,5672.900139465288,41.1443759976743,0.3085828199825622,9.977511179435957,495256.4019003205,11821.79665886878,1342.4981048090735,43.86262994431923,0.07714570499564055,2364.359331773755,131628.16113859555,North America,US,West Virginia
3205965.372065012,23167.342501662577,9530.851757066537,55066.21448279524,733.0619626515272,13353.557012077847,944.3324354892534,7.082493266169402,229.00061560614398,2478338.7085784865,35098.476095886144,4189.11260205755,103.24915215524106,1.7706233165423504,7019.695219177231,617487.0219917783,North America,US,Wisconsin
325106.023695062,2248.981020609712,926.2734038041573,5429.730229780087,70.59066182467828,1316.7095807216713,86.84663951555655,0.651349796366674,21.06031008252246,240174.26266159076,3377.8704472124923,365.35633128314464,10.180744180837662,0.1628374490916685,675.5740894424985,54419.0195420493,North America,US,Wyoming
41280395.12984767,589.9782598449385,248.93346714622646,2559.3221455646562,45.79962674641477,620.6356202994291,6.092411281868568,0.04569308461401428,1.4774097358531277,201834.11176115877,1663.4737574732708,444.1857505520691,4.798729022933733,0.01142327115350357,332.69475149465404,40368.109250304486,Africa,Uganda,None
39289177.97233177,269643.40371971374,98515.33851182312,290303.35880440095,3061.0407116947526,70398.56451006721,7075.352648668535,53.065144865014005,1715.7730173021198,4837280.878964823,137420.25163486603,10035.289712620124,544.3187977582518,13.266286216253501,27484.050326973207,1399120.2495167532,Europe,Ukraine,None
7635523.80402145,94020.12504331341,39463.75116161113,177862.65196199104,1927.0717826062166,43131.693100782824,654.318715561946,4.907390366714595,158.6722885237719,1270707.2395461462,6157.764987648382,5696.635918641761,333.49247242873315,1.2268475916786488,1231.552997529676,395024.0475697337,Asia,United Arab Emirates,None
47430635.39559866,243244.95729298764,105172.16112206112,752406.9756350099,10009.270667869036,182458.69159148994,13371.123088062302,100.28342316046724,3242.4973488551077,16284257.280070987,612340.3641608622,51217.148915917765,1410.7630793156436,25.07085579011681,122468.07283217245,4180047.086811855,Europe,United Kingdom,None
3150999.125025039,26431.36397534626,9556.933838842077,32629.27528850624,358.26784810646257,7912.599257462762,503.29280208481595,3.7746960156361196,122.04850450556785,212336.64005677993,3152.6787073108976,1199.0914629646334,61.1798911659492,0.9436740039090299,630.5357414621794,58036.01046072792,South America,Uruguay,None
31696909.795468643,1949.5577401991509,718.1540208721553,2448.7647230334424,27.617379799204773,593.8254453356099,0.45561809843064116,0.0034171357382298774,0.1104873888694358,142443.10485754252,3108.610841949561,110.20495662170059,4.591433855687704,0.0008542839345574693,621.7221683899123,79930.70546885546,Asia,Uzbekistan,None
31198059.060992565,16706.38165209704,6332.037177861208,23765.219469593674,259.58068941479627,5763.065721376467,157.80784412687694,1.183558830951577,38.268402200767646,310338.1420906544,6758.252401277492,843.4591210648528,44.55978650548814,0.29588970773789425,1351.6504802554985,139284.4937810183,South America,Venezuela,None
92688526.89326891,521.3392530561571,236.73956827204262,1201.83273918803,12.535654678629484,291.4444392530973,2.630673644446798,0.019730052333350984,0.6379383587783486,10129.26004873944,176.66668585421044,29.730167458613785,2.2534363859775564,0.004932513083337746,35.33333717084209,2464.5486678680363,Asia,Vietnam,None
27572610.26143543,1121.8107675302872,327.6284133264778,315.34009160416014,2.609606058080815,76.46997221400883,78.4597280804723,0.5884479606035421,19.02648405951453,6540.873876220107,3119.93117751604,4.279796302277922,0.5912626717578003,0.14711199015088552,623.9862355032081,2243.6569314038798,Asia,Yemen,None
16214744.893076548,16991.7835758169,7552.941225385126,44808.4867774488,520.0565352776288,10866.058043531333,154.7699287992379,1.160774465994284,37.531707733815175,290279.87768994545,5432.44066504648,1808.7022927334922,84.0159127077165,0.290193616498571,1086.4881330092962,79174.97794541187,Africa,Zambia,None
15976008.594907798,1083.2632144645384,485.46929557640914,6548.337747807243,102.55374551728265,1587.9719038432565,95.12501233047563,0.7134375924785671,23.067815490140333,157055.30071836396,7371.602201216113,671.2780354929657,12.278133277138581,0.17835939811964177,1474.320440243223,36075.906505846884,Africa,Zimbabwe,None
